course_id, mapped_id
C_679390,0
C_696994,1
C_697791,2
C_696911,3
C_875624,4
C_676664,5
C_707135,6
C_696968,7
C_1824921,8
C_677109,9
C_707373,10
C_735157,11
C_707054,12
C_735395,13
C_682485,14
C_697422,15
C_756654,16
C_629559,17
C_677045,18
C_1756063,19
C_883345,20
C_680817,21
C_1766165,22
C_1775020,23
C_1794464,24
C_948411,25
C_697401,26
C_1771179,27
C_734050,28
C_866756,29
C_1686971,30
C_947262,31
C_735338,32
C_696956,33
C_677020,34
C_697027,35
C_788575,36
C_697748,37
C_696855,38
C_943255,39
C_696679,40
C_697415,41
C_934510,42
C_854866,43
C_735300,44
C_819285,45
C_677030,46
C_676673,47
C_696700,48
C_676932,49
C_682277,50
C_696597,51
C_676686,52
C_680722,53
C_735341,54
C_735251,55
C_677159,56
C_881485,57
C_947244,58
C_696928,59
C_1795810,60
C_1776316,61
C_782490,62
C_845950,63
C_696939,64
C_948410,65
C_707038,66
C_1410126,67
C_1806527,68
C_697076,69
C_1428968,70
C_682469,71
C_682442,72
C_936990,73
C_677049,74
C_1903985,75
C_681083,76
C_676651,77
C_697375,78
C_1764865,79
C_1756077,80
C_682713,81
C_681076,82
C_1764859,83
C_1765606,84
C_735389,85
C_697030,86
C_1924175,87
C_1903976,88
C_697398,89
C_697407,90
C_696729,91
C_707096,92
C_734053,93
C_948435,94
C_735362,95
C_694143,96
C_696740,97
C_676913,98
C_948296,99
C_682546,100
C_682742,101
C_948414,102
C_955163,103
C_696922,104
C_682379,105
C_680740,106
C_883372,107
C_696554,108
C_677146,109
C_694136,110
C_697802,111
C_1864381,112
C_680931,113
C_1780261,114
C_1738993,115
C_1898449,116
C_1767126,117
C_1918363,118
C_898349,119
C_697797,120
C_697236,121
C_696724,122
C_707035,123
C_680805,124
C_677099,125
C_697096,126
C_948415,127
C_677010,128
C_747024,129
C_682222,130
C_854839,131
C_879040,132
C_697075,133
C_697034,134
C_696655,135
C_696626,136
C_707031,137
C_707022,138
C_697005,139
C_697208,140
C_681355,141
C_677038,142
C_681414,143
C_681034,144
C_837735,145
C_676963,146
C_680774,147
C_682360,148
C_707119,149
C_697024,150
C_735364,151
C_934535,152
C_707081,153
C_681532,154
C_1912735,155
C_2211915,156
C_2332739,157
C_682466,158
C_676969,159
C_682702,160
C_735342,161
C_735155,162
C_735351,163
C_697130,164
C_707456,165
C_881436,166
C_881453,167
C_680910,168
C_676656,169
C_854868,170
C_697301,171
C_911168,172
C_676695,173
C_677136,174
C_854855,175
C_697026,176
C_873864,177
C_682794,178
C_696555,179
C_926175,180
C_697117,181
C_697039,182
C_948412,183
C_697032,184
C_682312,185
C_682620,186
C_696647,187
C_735099,188
C_694160,189
C_697038,190
C_697100,191
C_682479,192
C_696821,193
C_682314,194
C_681696,195
C_697176,196
C_697149,197
C_697166,198
C_682183,199
C_927975,200
C_697293,201
C_697360,202
C_696787,203
C_680803,204
C_696817,205
C_936943,206
C_943223,207
C_759048,208
C_696487,209
C_696753,210
C_680789,211
C_677184,212
C_682822,213
C_746960,214
C_680762,215
C_680961,216
C_735239,217
C_857825,218
C_697299,219
C_696841,220
C_677042,221
C_697188,222
C_697069,223
C_677047,224
C_676681,225
C_801420,226
C_677118,227
C_697684,228
C_696992,229
C_707032,230
C_677014,231
C_677070,232
C_674937,233
C_682350,234
C_948269,235
C_696912,236
C_676676,237
C_677004,238
C_682473,239
C_737512,240
C_948235,241
C_1764846,242
C_2059297,243
C_682636,244
C_948257,245
C_697025,246
C_707037,247
C_697265,248
C_916828,249
C_1686679,250
C_697121,251
C_681115,252
C_676978,253
C_947794,254
C_674903,255
C_2229906,256
C_1767316,257
C_947147,258
C_854667,259
C_697161,260
C_907964,261
C_1552662,262
C_734021,263
C_696908,264
C_879054,265
C_682681,266
C_682149,267
C_697087,268
C_947149,269
C_862967,270
C_948210,271
C_811503,272
C_948046,273
C_948049,274
C_898359,275
C_934520,276
C_879111,277
C_682239,278
C_696709,279
C_948408,280
C_696955,281
C_1410386,282
C_1761372,283
C_1761386,284
C_1755889,285
C_1692685,286
C_1755846,287
C_1778560,288
C_676658,289
C_1718815,290
C_696976,291
C_1883679,292
C_1904668,293
C_1825107,294
C_947252,295
C_1903980,296
C_2059291,297
C_697267,298
C_1997524,299
C_682195,300
C_677093,301
C_680777,302
C_681100,303
C_680870,304
C_707067,305
C_697045,306
C_682754,307
C_677236,308
C_680915,309
C_943250,310
C_2266746,311
C_2335763,312
C_674920,313
C_680937,314
C_676940,315
C_677144,316
C_682415,317
C_697110,318
C_908991,319
C_735214,320
C_680759,321
C_682302,322
C_676683,323
C_817691,324
C_697556,325
C_696987,326
C_936913,327
C_813434,328
C_681086,329
C_696892,330
C_682624,331
C_697091,332
C_697072,333
C_756747,334
C_682388,335
C_680980,336
C_680989,337
C_680752,338
C_1756074,339
C_682346,340
C_734049,341
C_677129,342
C_694156,343
C_696525,344
C_948040,345
C_677009,346
C_948252,347
C_909099,348
C_947242,349
C_735122,350
C_1741538,351
C_697754,352
C_866764,353
C_682749,354
C_1776290,355
C_676995,356
C_1811739,357
C_770784,358
C_881462,359
C_823308,360
C_682586,361
C_676915,362
C_735031,363
C_674971,364
C_676662,365
C_676649,366
C_735288,367
C_677095,368
C_746985,369
C_674912,370
C_676707,371
C_677130,372
C_676917,373
C_676646,374
C_677031,375
C_747047,376
C_677018,377
C_735317,378
C_680754,379
C_707083,380
C_696927,381
C_697007,382
C_697423,383
C_696800,384
C_948251,385
C_682496,386
C_776850,387
C_1025079,388
C_735143,389
C_682457,390
C_770751,391
C_697165,392
C_948034,393
C_677249,394
C_934526,395
C_682170,396
C_1836502,397
C_845674,398
C_948405,399
C_916858,400
C_1017419,401
C_676902,402
C_677087,403
C_676696,404
C_680920,405
C_696942,406
C_830571,407
C_830568,408
C_1818546,409
C_830572,410
C_830573,411
C_830439,412
C_830569,413
C_696954,414
C_735241,415
C_696601,416
C_948092,417
C_746965,418
C_682268,419
C_707127,420
C_680808,421
C_697405,422
C_1647264,423
C_680731,424
C_682313,425
C_682324,426
C_680933,427
C_948409,428
C_680738,429
C_854846,430
C_682704,431
C_1771168,432
C_854862,433
C_1748240,434
C_696682,435
C_680916,436
C_697381,437
C_680710,438
C_680881,439
C_797404,440
C_1824934,441
C_677061,442
C_800360,443
C_707025,444
C_681045,445
C_677243,446
C_707077,447
C_696586,448
C_680860,449
C_934528,450
C_948101,451
C_696980,452
C_799796,453
C_677172,454
C_680751,455
C_735385,456
C_799800,457
C_681719,458
C_682263,459
C_696918,460
C_866164,461
C_2290717,462
C_681452,463
C_774889,464
C_676885,465
C_948239,466
C_682435,467
C_735130,468
C_749807,469
C_696917,470
C_823300,471
C_697213,472
C_676897,473
C_917311,474
C_840084,475
C_1641662,476
C_696704,477
C_948431,478
C_697778,479
C_682610,480
C_947251,481
C_681678,482
C_696673,483
C_682400,484
C_1738959,485
C_758190,486
C_819290,487
C_681745,488
C_697116,489
C_845947,490
C_680836,491
C_680987,492
C_1755951,493
C_676648,494
C_890259,495
C_948427,496
C_682476,497
C_947165,498
C_947152,499
C_681130,500
C_682383,501
C_1741534,502
C_681754,503
C_696946,504
C_682683,505
C_681535,506
C_688390,507
C_696506,508
C_680745,509
C_734011,510
C_682759,511
C_747064,512
C_680824,513
C_881704,514
C_682345,515
C_766203,516
C_682589,517
C_1765596,518
C_1792250,519
C_682330,520
C_681336,521
C_746997,522
C_782555,523
C_682443,524
C_680845,525
C_707384,526
C_682527,527
C_682562,528
C_865842,529
C_780629,530
C_682209,531
C_696773,532
C_948468,533
C_696827,534
C_754135,535
C_911738,536
C_948074,537
C_677133,538
C_1732839,539
C_747273,540
C_682169,541
C_681007,542
C_1875498,543
C_1793742,544
C_735269,545
C_947253,546
C_1641647,547
C_680936,548
C_2287013,549
C_680879,550
C_749769,551
C_854832,552
C_682697,553
C_797938,554
C_916841,555
C_948417,556
C_734054,557
C_697619,558
C_1828108,559
C_1797897,560
C_735049,561
C_680730,562
C_949540,563
C_682602,564
C_696543,565
C_682299,566
C_680884,567
C_784069,568
C_682452,569
C_680757,570
C_696687,571
C_680732,572
C_681519,573
C_808526,574
C_685689,575
C_682137,576
C_887148,577
C_936997,578
C_931245,579
C_681047,580
C_747033,581
C_682193,582
C_823326,583
C_677150,584
C_682155,585
C_948140,586
C_681105,587
C_943267,588
C_697068,589
C_770738,590
C_676953,591
C_697821,592
C_707379,593
C_697061,594
C_799783,595
C_677076,596
C_854843,597
C_682338,598
C_681255,599
C_676661,600
C_735244,601
C_681503,602
C_697011,603
C_677218,604
C_676937,605
C_854871,606
C_854870,607
C_948216,608
C_1797899,609
C_682189,610
C_682289,611
C_735405,612
C_707073,613
C_696692,614
C_682512,615
C_697313,616
C_696562,617
C_2286953,618
C_1907852,619
C_876712,620
C_1842789,621
C_2316354,622
C_682147,623
C_927959,624
C_947246,625
C_1992930,626
C_1912519,627
C_936971,628
C_654554,629
C_655850,630
C_629503,631
C_629558,632
C_655852,633
C_597314,634
C_696835,635
C_682618,636
C_680753,637
C_682129,638
C_781445,639
C_769293,640
C_773985,641
C_735164,642
C_681682,643
C_680771,644
C_696685,645
C_696686,646
C_789278,647
C_734037,648
C_696641,649
C_781494,650
C_680784,651
C_697018,652
C_694163,653
C_735253,654
C_786471,655
C_823302,656
C_680761,657
C_680986,658
C_679148,659
C_676898,660
C_680963,661
C_680958,662
C_789833,663
C_682269,664
C_682335,665
C_676697,666
C_756594,667
C_808654,668
C_681711,669
C_682301,670
C_681005,671
C_696659,672
C_696998,673
C_758208,674
C_682554,675
C_735097,676
C_707358,677
C_758221,678
C_677077,679
C_758183,680
C_681636,681
C_697284,682
C_799931,683
C_797853,684
C_735066,685
C_682439,686
C_733993,687
C_682152,688
C_808528,689
C_759037,690
C_696746,691
C_682357,692
C_681088,693
C_735197,694
C_677164,695
C_696901,696
C_696826,697
C_697179,698
C_682190,699
C_681655,700
C_680998,701
C_697288,702
C_697184,703
C_697008,704
C_682506,705
C_769301,706
C_680779,707
C_857823,708
C_694162,709
C_694158,710
C_696875,711
C_696697,712
C_677174,713
C_677089,714
C_696863,715
C_676663,716
C_674962,717
C_682637,718
C_735183,719
C_681103,720
C_785161,721
C_747262,722
C_676905,723
C_810349,724
C_862969,725
C_862963,726
C_707173,727
C_797321,728
C_677000,729
C_682210,730
C_735085,731
C_814402,732
C_677157,733
C_682523,734
C_677019,735
C_758207,736
C_735210,737
C_682515,738
C_682480,739
C_680993,740
C_696549,741
C_676659,742
C_890220,743
C_879045,744
C_682489,745
C_696845,746
C_697169,747
C_697001,748
C_784161,749
C_676967,750
C_680968,751
C_676962,752
C_735111,753
C_682304,754
C_694168,755
C_862620,756
C_674910,757
C_697152,758
C_694140,759
C_788565,760
C_898310,761
C_680970,762
C_680841,763
C_855688,764
C_696732,765
C_735123,766
C_696606,767
C_697144,768
C_756665,769
C_676966,770
C_680941,771
C_682813,772
C_905199,773
C_851362,774
C_685664,775
C_893812,776
C_697289,777
C_682771,778
C_682256,779
C_682487,780
C_907940,781
C_707093,782
C_697019,783
C_680818,784
C_680785,785
C_696923,786
C_697828,787
C_682373,788
C_680770,789
C_707068,790
C_682433,791
C_677102,792
C_916838,793
C_911165,794
C_756671,795
C_674914,796
C_697051,797
C_682208,798
C_680985,799
C_808529,800
C_922867,801
C_696754,802
C_680900,803
C_682297,804
C_682253,805
C_677241,806
C_697035,807
C_681661,808
C_682353,809
C_680929,810
C_735448,811
C_682743,812
C_881314,813
C_680820,814
C_879050,815
C_674950,816
C_680733,817
C_696991,818
C_680927,819
C_681615,820
C_676682,821
C_680790,822
C_735361,823
C_677068,824
C_734035,825
C_681362,826
C_735328,827
C_674953,828
C_696689,829
C_931252,830
C_697023,831
C_696938,832
C_682184,833
C_682308,834
C_707360,835
C_682395,836
C_697272,837
C_682128,838
C_682327,839
C_682671,840
C_934522,841
C_747696,842
C_735378,843
C_735321,844
C_934517,845
C_682509,846
C_682374,847
C_680951,848
C_680728,849
C_676685,850
C_696993,851
C_674968,852
C_676684,853
C_943270,854
C_786631,855
C_793017,856
C_681432,857
C_681669,858
C_697543,859
C_682387,860
C_735373,861
C_682597,862
C_682522,863
C_680890,864
C_932180,865
C_697825,866
C_882596,867
C_881397,868
C_922850,869
C_943228,870
C_948078,871
C_682320,872
C_948141,873
C_948241,874
C_948079,875
C_943271,876
C_947257,877
C_948103,878
C_947240,879
C_936973,880
C_948080,881
C_907961,882
C_948118,883
C_948076,884
C_948153,885
C_948424,886
C_948137,887
C_947229,888
C_907949,889
C_697307,890
C_948114,891
C_948208,892
C_947158,893
C_948428,894
C_746983,895
C_1025064,896
C_948147,897
C_932181,898
C_681671,899
C_1412527,900
C_948421,901
C_948136,902
C_817148,903
C_1429102,904
C_1410371,905
C_948423,906
C_823315,907
C_680823,908
C_948419,909
C_936977,910
C_948289,911
C_947241,912
C_948113,913
C_697374,914
C_936945,915
C_948214,916
C_956130,917
C_682450,918
C_948413,919
C_948116,920
C_682240,921
C_1714448,922
C_680979,923
C_879093,924
C_735046,925
C_948129,926
C_947773,927
C_696872,928
C_735175,929
C_1410145,930
C_927972,931
C_948102,932
C_932179,933
C_948038,934
C_1756060,935
C_1755948,936
C_1756069,937
C_1755912,938
C_682458,939
C_677043,940
C_676996,941
C_1410117,942
C_934534,943
C_1683791,944
C_1683594,945
C_677028,946
C_697653,947
C_697395,948
C_697427,949
C_697306,950
C_676975,951
C_697046,952
C_697063,953
C_1526890,954
C_680971,955
C_737592,956
C_682595,957
C_696614,958
C_901922,959
C_707381,960
C_681009,961
C_680764,962
C_682486,963
C_696721,964
C_680897,965
C_682165,966
C_680765,967
C_680974,968
C_681012,969
C_825821,970
C_947164,971
C_759007,972
C_688346,973
C_682816,974
C_680854,975
C_697020,976
C_696935,977
C_916844,978
C_1750814,979
C_1123848,980
C_735050,981
C_1159827,982
C_1741560,983
C_676642,984
C_696972,985
C_682661,986
C_1687717,987
C_682505,988
C_680991,989
C_680828,990
C_747690,991
C_735042,992
C_696947,993
C_696931,994
C_696925,995
C_696919,996
C_681099,997
C_1736846,998
C_1641666,999
C_674923,1000
C_1691144,1001
C_681330,1002
C_682259,1003
C_756646,1004
C_1073350,1005
C_1410106,1006
C_791822,1007
C_936983,1008
C_948286,1009
C_735226,1010
C_1720764,1011
C_682138,1012
C_770766,1013
C_680849,1014
C_682336,1015
C_696674,1016
C_697092,1017
C_697147,1018
C_784387,1019
C_813182,1020
C_916821,1021
C_936987,1022
C_947255,1023
C_948219,1024
C_760442,1025
C_1758019,1026
C_934496,1027
C_1771543,1028
C_1472684,1029
C_948432,1030
C_1645365,1031
C_1776761,1032
C_1767521,1033
C_1736850,1034
C_1794790,1035
C_681758,1036
C_1750791,1037
C_948099,1038
C_887103,1039
C_948209,1040
C_927963,1041
C_948430,1042
C_1469181,1043
C_927967,1044
C_696945,1045
C_1797904,1046
C_947250,1047
C_1741554,1048
C_948109,1049
C_1801563,1050
C_681742,1051
C_825822,1052
C_1800063,1053
C_948406,1054
C_1776287,1055
C_948088,1056
C_674955,1057
C_1816152,1058
C_1816012,1059
C_948212,1060
C_680898,1061
C_1714443,1062
C_948486,1063
C_1646044,1064
C_682530,1065
C_697036,1066
C_1846545,1067
C_1779849,1068
C_1738818,1069
C_948282,1070
C_1724291,1071
C_1527465,1072
C_1429002,1073
C_688398,1074
C_677186,1075
C_682819,1076
C_676674,1077
C_694141,1078
C_1779421,1079
C_1825111,1080
C_866182,1081
C_931250,1082
C_681730,1083
C_1749554,1084
C_676950,1085
C_1906555,1086
C_936954,1087
C_1824924,1088
C_1776283,1089
C_1844106,1090
C_1824928,1091
C_735335,1092
C_747227,1093
C_746971,1094
C_746973,1095
C_682696,1096
C_1789696,1097
C_1864068,1098
C_887098,1099
C_682393,1100
C_680869,1101
C_697726,1102
C_696964,1103
C_680952,1104
C_682570,1105
C_1903983,1106
C_1912003,1107
C_1714447,1108
C_948389,1109
C_1527362,1110
C_1761377,1111
C_1714444,1112
C_1776306,1113
C_1750851,1114
C_676820,1115
C_734015,1116
C_696897,1117
C_682237,1118
C_682342,1119
C_682463,1120
C_697055,1121
C_1907842,1122
C_936963,1123
C_680830,1124
C_697206,1125
C_1776760,1126
C_1751256,1127
C_680976,1128
C_677176,1129
C_735161,1130
C_939336,1131
C_735129,1132
C_677105,1133
C_696981,1134
C_682322,1135
C_682390,1136
C_680714,1137
C_682691,1138
C_1903988,1139
C_680716,1140
C_1925894,1141
C_1912011,1142
C_936968,1143
C_696951,1144
C_1829954,1145
C_682728,1146
C_697475,1147
C_911664,1148
C_1925897,1149
C_1944722,1150
C_682141,1151
C_697050,1152
C_682246,1153
C_682229,1154
C_948128,1155
C_682224,1156
C_682581,1157
C_696808,1158
C_2033958,1159
C_2059295,1160
C_1944729,1161
C_682397,1162
C_947156,1163
C_948270,1164
C_682431,1165
C_681008,1166
C_735091,1167
C_697191,1168
C_2093531,1169
C_680812,1170
C_680877,1171
C_1771634,1172
C_2097435,1173
C_697070,1174
C_939349,1175
C_948488,1176
C_676934,1177
C_1736024,1178
C_1527433,1179
C_1960452,1180
C_939342,1181
C_697056,1182
C_756642,1183
C_1912007,1184
C_681744,1185
C_1886674,1186
C_1429234,1187
C_2221558,1188
C_696989,1189
C_845673,1190
C_1907726,1191
C_2226095,1192
C_1816033,1193
C_2225789,1194
C_1980009,1195
C_2053613,1196
C_2095102,1197
C_2113371,1198
C_681715,1199
C_2229911,1200
C_2247589,1201
C_2226108,1202
C_2203228,1203
C_1434547,1204
C_2009301,1205
C_682772,1206
C_2235604,1207
C_2229902,1208
C_2221551,1209
C_2199450,1210
C_1912006,1211
C_916825,1212
C_2256608,1213
C_911159,1214
C_948433,1215
C_1886672,1216
C_1741561,1217
C_694144,1218
C_1679989,1219
C_2171820,1220
C_1912757,1221
C_1918338,1222
C_707126,1223
C_696999,1224
C_1941101,1225
C_1992940,1226
C_1886668,1227
C_2189666,1228
C_2059290,1229
C_682657,1230
C_1760297,1231
C_2290629,1232
C_2281492,1233
C_2227020,1234
C_2203212,1235
C_2287003,1236
C_2290451,1237
C_2297236,1238
C_801443,1239
C_956128,1240
C_2266764,1241
C_682275,1242
C_697714,1243
C_799791,1244
C_2301265,1245
C_2308104,1246
C_876705,1247
C_876708,1248
C_2297227,1249
C_2308102,1250
C_2297243,1251
C_2229905,1252
C_1862240,1253
C_947167,1254
C_948426,1255
C_2316356,1256
C_735273,1257
C_2297229,1258
C_697468,1259
C_2316355,1260
C_1776301,1261
C_2199451,1262
C_936957,1263
C_2328543,1264
C_1750793,1265
C_2320828,1266
C_2033947,1267
C_2301717,1268
C_682145,1269
C_682716,1270
C_2302877,1271
C_2336296,1272
C_1904002,1273
C_2223976,1274
C_2338353,1275
C_682176,1276
C_947258,1277
C_697151,1278
C_2286960,1279
C_697677,1280
C_1750779,1281
C_1789694,1282
C_681460,1283
C_2338249,1284
C_1017355,1285
C_2342518,1286
C_2338360,1287
C_948416,1288
C_2293994,1289
C_2329521,1290
C_2310930,1291
C_2343056,1292
C_2342499,1293
C_1811742,1294
C_682792,1295
C_2342511,1296
C_1886685,1297
C_735324,1298
C_735308,1299
C_676645,1300
C_735138,1301
C_735107,1302
C_680769,1303
C_681114,1304
C_681365,1305
C_681488,1306
C_682284,1307
C_696840,1308
C_682516,1309
C_798690,1310
C_680972,1311
C_681688,1312
C_735110,1313
C_943962,1314
C_681583,1315
C_694150,1316
C_681592,1317
C_696785,1318
C_735116,1319
C_697108,1320
C_681341,1321
C_696688,1322
C_696691,1323
C_943253,1324
C_681520,1325
C_682226,1326
C_735102,1327
C_677193,1328
C_681708,1329
C_681389,1330
C_680819,1331
C_697585,1332
C_948395,1333
C_682679,1334
C_909097,1335
C_916843,1336
C_681039,1337
C_909412,1338
C_949542,1339
C_866151,1340
C_813491,1341
C_697590,1342
C_682164,1343
C_694153,1344
C_694147,1345
C_948050,1346
C_747271,1347
C_934532,1348
C_676687,1349
C_1750819,1350
C_1761375,1351
C_1761374,1352
C_1774986,1353
C_1737097,1354
C_1741496,1355
C_696905,1356
C_1776319,1357
C_681453,1358
C_1696148,1359
C_696563,1360
C_677185,1361
C_681396,1362
C_1925892,1363
C_1741502,1364
C_1741505,1365
C_682285,1366
C_1776281,1367
C_696617,1368
C_813290,1369
C_681407,1370
C_1912010,1371
C_1767590,1372
C_1776285,1373
C_681710,1374
C_681681,1375
C_1724288,1376
C_681010,1377
C_697410,1378
C_1811716,1379
C_696920,1380
C_881112,1381
C_1916207,1382
C_680922,1383
C_735156,1384
C_681756,1385
C_1712435,1386
C_887101,1387
C_735203,1388
C_1916172,1389
C_697003,1390
C_1829952,1391
C_1755909,1392
C_907965,1393
C_2308096,1394
C_697270,1395
C_1925903,1396
C_1992970,1397
C_707369,1398
C_682653,1399
C_680780,1400
C_784172,1401
C_682672,1402
C_1410156,1403
C_696867,1404
C_735149,1405
C_680747,1406
C_682550,1407
C_948407,1408
C_696973,1409
C_697107,1410
C_682460,1411
C_697757,1412
C_697155,1413
C_697006,1414
C_680926,1415
C_2059315,1416
C_735377,1417
C_677023,1418
C_680821,1419
C_696695,1420
C_681475,1421
C_682659,1422
C_681152,1423
C_1704762,1424
C_1753434,1425
C_677179,1426
C_707109,1427
C_681084,1428
C_680741,1429
C_2059286,1430
C_682721,1431
C_680788,1432
C_1944726,1433
C_1755888,1434
C_676907,1435
C_697273,1436
C_948123,1437
C_696854,1438
C_735094,1439
C_682709,1440
C_681663,1441
C_758204,1442
C_2255633,1443
C_1755925,1444
C_680786,1445
C_680792,1446
C_681094,1447
C_682344,1448
C_682427,1449
C_681049,1450
C_682331,1451
C_697073,1452
C_788547,1453
C_866769,1454
C_696889,1455
C_682750,1456
C_682684,1457
C_697496,1458
C_696915,1459
C_696837,1460
C_823309,1461
C_735436,1462
C_697367,1463
C_735032,1464
C_1682756,1465
C_696575,1466
C_948436,1467
C_696870,1468
C_677097,1469
C_697048,1470
C_866770,1471
C_735069,1472
C_682734,1473
C_854854,1474
C_735310,1475
C_707365,1476
C_859557,1477
C_682643,1478
C_682265,1479
C_837690,1480
C_682588,1481
C_682266,1482
C_903149,1483
C_926165,1484
C_735325,1485
C_681339,1486
C_681647,1487
C_1774985,1488
C_1741507,1489
C_1925896,1490
C_1789686,1491
C_2328478,1492
C_696596,1493
C_905197,1494
C_947265,1495
C_947249,1496
C_682685,1497
C_682472,1498
C_2231604,1499
C_2151889,1500
C_2219608,1501
C_2189334,1502
C_2228534,1503
C_2205152,1504
C_2210260,1505
C_2215284,1506
C_2215477,1507
C_2215747,1508
C_948404,1509
C_1770323,1510
C_682358,1511
C_677083,1512
C_747056,1513
C_682349,1514
C_696877,1515
C_697721,1516
C_696857,1517
C_680804,1518
C_682665,1519
C_682126,1520
C_1714449,1521
C_680905,1522
C_735441,1523
C_680923,1524
C_840087,1525
C_881456,1526
C_1760314,1527
C_932176,1528
C_2218203,1529
C_682157,1530
C_696899,1531
C_682401,1532
C_682648,1533
C_688336,1534
C_697172,1535
C_681059,1536
C_735401,1537
C_682203,1538
C_697148,1539
C_682185,1540
C_696762,1541
C_697158,1542
C_681683,1543
C_911160,1544
C_681212,1545
C_681197,1546
C_1764856,1547
C_1764866,1548
C_1755907,1549
C_1761364,1550
C_1764869,1551
C_1761361,1552
C_1808023,1553
C_1764850,1554
C_1761459,1555
C_1789683,1556
C_696581,1557
C_1903982,1558
C_2297235,1559
C_1756066,1560
C_697094,1561
C_677189,1562
C_681335,1563
C_813262,1564
C_682556,1565
C_948245,1566
C_681645,1567
C_682747,1568
C_682692,1569
C_681684,1570
C_810834,1571
C_696903,1572
C_677110,1573
C_927980,1574
C_696633,1575
C_911133,1576
C_696656,1577
C_707103,1578
C_677142,1579
C_680919,1580
C_696988,1581
C_734023,1582
C_681470,1583
C_681690,1584
C_696960,1585
C_681163,1586
C_682644,1587
C_681720,1588
C_682303,1589
C_735064,1590
C_735101,1591
C_680955,1592
C_746968,1593
C_917306,1594
C_682260,1595
C_680814,1596
C_680891,1597
C_680975,1598
C_735056,1599
C_676635,1600
C_734041,1601
C_681080,1602
C_682604,1603
C_680852,1604
C_697729,1605
C_773953,1606
C_881478,1607
C_881480,1608
C_682356,1609
C_1899192,1610
C_682361,1611
C_909094,1612
C_682629,1613
C_677167,1614
C_680978,1615
C_680832,1616
C_680886,1617
C_696884,1618
C_887099,1619
C_696720,1620
C_2199453,1621
C_681073,1622
C_681471,1623
C_1755893,1624
C_682491,1625
C_696816,1626
C_682731,1627
C_681737,1628
C_1764864,1629
C_1784414,1630
C_697112,1631
C_1844102,1632
C_696767,1633
C_1410076,1634
C_948387,1635
C_1764852,1636
C_756736,1637
C_758198,1638
C_696789,1639
C_1792323,1640
C_1824918,1641
C_1527407,1642
C_758886,1643
C_682440,1644
C_682267,1645
C_735186,1646
C_681345,1647
C_681635,1648
C_2059301,1649
C_893222,1650
C_696890,1651
C_766192,1652
C_734068,1653
C_707013,1654
C_697083,1655
C_1834035,1656
C_948422,1657
C_696983,1658
C_697098,1659
C_948120,1660
C_682153,1661
C_1811839,1662
C_1875488,1663
C_948485,1664
C_907948,1665
C_682459,1666
C_758222,1667
C_707363,1668
C_682633,1669
C_681057,1670
C_680767,1671
C_1724286,1672
C_697135,1673
C_707089,1674
C_1774963,1675
C_682739,1676
C_682310,1677
C_697479,1678
C_680726,1679
C_697212,1680
C_1797902,1681
C_1756078,1682
C_1755961,1683
C_696518,1684
C_1755921,1685
C_682407,1686
C_682319,1687
C_681001,1688
C_676705,1689
C_948248,1690
C_1765602,1691
C_781471,1692
C_893822,1693
C_681033,1694
C_947234,1695
C_777194,1696
C_791738,1697
C_956129,1698
C_697062,1699
C_681066,1700
C_697106,1701
C_677192,1702
C_769273,1703
C_947248,1704
C_694149,1705
C_681081,1706
C_922865,1707
C_1771153,1708
C_1891055,1709
C_681630,1710
C_898298,1711
C_879073,1712
C_916830,1713
C_819191,1714
C_926163,1715
C_696625,1716
C_681422,1717
C_747681,1718
C_947169,1719
C_682477,1720
C_677181,1721
C_1811723,1722
C_948044,1723
C_1696158,1724
C_1557390,1725
C_1945689,1726
C_681444,1727
C_813501,1728
C_681006,1729
C_682559,1730
C_808534,1731
C_873858,1732
C_696759,1733
C_680719,1734
C_737493,1735
C_1724285,1736
C_680992,1737
C_682381,1738
C_735283,1739
C_932172,1740
C_916835,1741
C_707099,1742
C_916824,1743
C_943226,1744
C_677055,1745
C_735053,1746
C_676890,1747
C_696769,1748
C_682656,1749
C_801446,1750
C_937262,1751
C_949439,1752
C_1678971,1753
C_1706099,1754
C_1784322,1755
C_1772942,1756
C_947266,1757
C_948106,1758
C_1829948,1759
C_1774976,1760
C_677246,1761
C_851358,1762
C_1808487,1763
C_735051,1764
C_697113,1765
C_682567,1766
C_823333,1767
C_734028,1768
C_697706,1769
C_735394,1770
C_697334,1771
C_1755895,1772
C_1761370,1773
C_1764842,1774
C_682531,1775
C_682525,1776
C_697129,1777
C_680977,1778
C_680717,1779
C_1756075,1780
C_1741987,1781
C_674924,1782
C_682347,1783
C_681731,1784
C_681400,1785
C_735054,1786
C_681373,1787
C_890125,1788
C_676701,1789
C_681074,1790
C_677026,1791
C_2009086,1792
C_682309,1793
C_680844,1794
C_948075,1795
C_676653,1796
C_735115,1797
C_681679,1798
C_2233465,1799
C_2233600,1800
C_2180244,1801
C_2180023,1802
C_2179942,1803
C_2180235,1804
C_1918552,1805
C_2180075,1806
C_2179785,1807
C_2218124,1808
C_1842823,1809
C_1842662,1810
C_1793819,1811
C_2195990,1812
C_2196043,1813
C_2203510,1814
C_2197640,1815
C_1842906,1816
C_1793814,1817
C_2231603,1818
C_1909608,1819
C_2197653,1820
C_2215671,1821
C_2197691,1822
C_2151882,1823
C_2199186,1824
C_1926748,1825
C_1770363,1826
C_2199458,1827
C_1767167,1828
C_2228992,1829
C_1753494,1830
C_2218040,1831
C_2199199,1832
C_2237037,1833
C_2228987,1834
C_1827362,1835
C_2221879,1836
C_2197705,1837
C_2199351,1838
C_2199373,1839
C_2199303,1840
C_2215663,1841
C_2228974,1842
C_2185788,1843
C_2228984,1844
C_1842720,1845
C_2151897,1846
C_2141537,1847
C_2189518,1848
C_2229010,1849
C_2229012,1850
C_1925919,1851
C_2219435,1852
C_2228999,1853
C_2219328,1854
C_2215499,1855
C_2218186,1856
C_1825200,1857
C_2172675,1858
C_1909561,1859
C_2233592,1860
C_2221927,1861
C_1881493,1862
C_2172731,1863
C_749756,1864
C_1992929,1865
C_1434593,1866
C_800267,1867
C_1731879,1868
C_943254,1869
C_1691453,1870
C_696788,1871
C_1755913,1872
C_758194,1873
C_735194,1874
C_943237,1875
C_688388,1876
C_1912004,1877
C_1925898,1878
C_756690,1879
C_735118,1880
C_948434,1881
C_1776312,1882
C_894541,1883
C_682158,1884
C_735131,1885
C_1766166,1886
C_2229920,1887
C_682228,1888
C_696796,1889
C_1918004,1890
C_911733,1891
C_681439,1892
C_947243,1893
C_766175,1894
C_736530,1895
C_681357,1896
C_763992,1897
C_749652,1898
C_697493,1899
C_2229928,1900
C_893818,1901
C_2308101,1902
C_680712,1903
C_697170,1904
C_696886,1905
C_1755940,1906
C_677187,1907
C_879074,1908
C_1829957,1909
C_696628,1910
C_735153,1911
C_911162,1912
C_948268,1913
C_696651,1914
C_681643,1915
C_680724,1916
C_943247,1917
C_682723,1918
C_948043,1919
C_747044,1920
C_1987717,1921
C_1762748,1922
C_735381,1923
C_800391,1924
C_905186,1925
C_735093,1926
C_696807,1927
C_1731888,1928
C_682217,1929
C_784155,1930
C_682131,1931
C_948085,1932
C_735336,1933
C_682187,1934
C_905192,1935
C_674959,1936
C_1756072,1937
C_2342532,1938
C_697766,1939
C_681353,1940
C_943258,1941
C_681158,1942
C_682392,1943
C_696722,1944
C_766037,1945
C_681299,1946
C_1438353,1947
C_1123979,1948
C_948095,1949
C_696638,1950
C_681068,1951
C_681420,1952
C_682429,1953
C_682470,1954
C_854901,1955
C_1777000,1956
C_1907840,1957
C_758201,1958
C_696882,1959
C_677168,1960
C_947161,1961
C_735195,1962
C_697228,1963
C_922854,1964
C_1811734,1965
C_1741501,1966
C_2244926,1967
C_697327,1968
C_697145,1969
C_947237,1970
C_681633,1971
C_682558,1972
C_943265,1973
C_696667,1974
C_947160,1975
C_681333,1976
C_735089,1977
C_681672,1978
C_1750795,1979
C_916130,1980
C_947154,1981
C_756591,1982
C_919146,1983
C_682340,1984
C_682282,1985
C_854902,1986
C_682343,1987
C_682675,1988
C_881424,1989
C_890276,1990
C_758898,1991
C_697431,1992
C_1828104,1993
C_697173,1994
C_1756056,1995
C_697253,1996
C_681075,1997
C_1756753,1998
C_681025,1999
C_697429,2000
C_682662,2001
C_734059,2002
C_1774981,2003
C_1774987,2004
C_756717,2005
C_769264,2006
C_682770,2007
C_842836,2008
C_898276,2009
C_682578,2010
C_735290,2011
C_680871,2012
C_697064,2013
C_696696,2014
C_680938,2015
C_696649,2016
C_696705,2017
C_682551,2018
C_735079,2019
C_681411,2020
C_780844,2021
C_747718,2022
C_754897,2023
C_735146,2024
C_916826,2025
C_697577,2026
C_1886688,2027
C_681038,2028
C_696904,2029
C_756700,2030
C_1912002,2031
C_948393,2032
C_837980,2033
C_1755955,2034
C_876710,2035
C_681058,2036
C_681137,2037
C_681622,2038
C_1732842,2039
C_1627979,2040
C_681406,2041
C_681638,2042
C_781627,2043
C_696829,2044
C_948293,2045
C_682575,2046
C_697120,2047
C_780686,2048
C_681735,2049
C_911735,2050
C_937285,2051
C_676900,2052
C_916833,2053
C_696771,2054
C_876706,2055
C_879069,2056
C_1750789,2057
C_735280,2058
C_697126,2059
C_682248,2060
C_677161,2061
C_681429,2062
C_851364,2063
C_898292,2064
C_682549,2065
C_1025076,2066
C_934530,2067
C_2151142,2068
C_682219,2069
C_682449,2070
C_697708,2071
C_947245,2072
C_696654,2073
C_2244920,2074
C_682553,2075
C_948083,2076
C_948403,2077
C_1724283,2078
C_1824917,2079
C_1724279,2080
C_948392,2081
C_682280,2082
C_681071,2083
C_1741498,2084
C_1915246,2085
C_2095352,2086
C_680943,2087
C_681031,2088
C_697041,2089
C_696907,2090
C_681409,2091
C_697142,2092
C_1724282,2093
C_685676,2094
C_681032,2095
C_948132,2096
C_1781818,2097
C_1776297,2098
C_681664,2099
C_681415,2100
C_922877,2101
C_1732845,2102
C_1123814,2103
C_2297233,2104
C_1875539,2105
C_1765604,2106
C_681382,2107
C_681502,2108
C_1755922,2109
C_1764847,2110
C_1804595,2111
C_682737,2112
C_682396,2113
C_682168,2114
C_735306,2115
C_1784703,2116
C_2141863,2117
C_947231,2118
C_1891384,2119
C_681567,2120
C_707079,2121
C_735259,2122
C_756710,2123
C_680859,2124
C_1796396,2125
C_1789684,2126
C_681421,2127
C_837991,2128
C_1755891,2129
C_1894914,2130
C_681702,2131
C_931248,2132
C_948265,2133
C_681027,2134
C_799778,2135
C_681699,2136
C_1741536,2137
C_1755899,2138
C_1987701,2139
C_1761358,2140
C_1925906,2141
C_947233,2142
C_927968,2143
C_883229,2144
C_682298,2145
C_866175,2146
C_1703785,2147
C_1821200,2148
C_1886696,2149
C_2059299,2150
C_1767581,2151
C_697285,2152
C_696977,2153
C_1755959,2154
C_1801907,2155
C_1731884,2156
C_2266748,2157
C_682296,2158
C_1778567,2159
C_1774978,2160
C_2063783,2161
C_1778453,2162
C_707051,2163
C_681701,2164
C_696860,2165
C_758928,2166
C_756636,2167
C_682483,2168
C_681761,2169
C_911173,2170
C_681154,2171
C_681186,2172
C_948399,2173
C_947162,2174
C_1766168,2175
C_1760323,2176
C_927961,2177
C_682225,2178
C_948294,2179
C_2229913,2180
C_1766899,2181
C_825824,2182
C_948267,2183
C_681087,2184
C_681474,2185
C_1756062,2186
C_948254,2187
C_697566,2188
C_676948,2189
C_681021,2190
C_696711,2191
C_735120,2192
C_735151,2193
C_734019,2194
C_1764867,2195
C_681627,2196
C_898322,2197
C_681200,2198
C_1764843,2199
C_1766169,2200
C_1876253,2201
C_1992945,2202
C_2266756,2203
C_697067,2204
C_681491,2205
C_676918,2206
C_911178,2207
C_682514,2208
C_735081,2209
C_1908918,2210
C_1806811,2211
C_681017,2212
C_735296,2213
C_1756067,2214
C_1756070,2215
C_1776310,2216
C_1741511,2217
C_681587,2218
C_677140,2219
C_735357,2220
C_682660,2221
C_1714446,2222
C_1886682,2223
C_1760295,2224
C_1794568,2225
C_943241,2226
C_837698,2227
C_859519,2228
C_1741500,2229
C_876689,2230
C_1824915,2231
C_1714440,2232
C_2059294,2233
C_1800545,2234
C_697071,2235
C_823317,2236
C_1731918,2237
C_758997,2238
C_887144,2239
C_907945,2240
C_1786221,2241
C_1755930,2242
C_735030,2243
C_735431,2244
C_2332585,2245
C_1766171,2246
C_681380,2247
C_1822804,2248
C_680921,2249
C_685684,2250
C_943274,2251
C_682820,2252
C_680895,2253
C_735348,2254
C_680999,2255
C_697031,2256
C_1782008,2257
C_697229,2258
C_1896473,2259
C_707064,2260
C_681666,2261
C_1767593,2262
C_680903,2263
C_1767588,2264
C_1875515,2265
C_682311,2266
C_1741526,2267
C_707107,2268
C_1765600,2269
C_1761368,2270
C_1766167,2271
C_1755919,2272
C_1774975,2273
C_1774972,2274
C_1755924,2275
C_1756058,2276
C_1761460,2277
C_1761380,2278
C_1771170,2279
C_1755939,2280
C_1755915,2281
C_1755946,2282
C_1755962,2283
C_1764863,2284
C_1774969,2285
C_1774973,2286
C_1771177,2287
C_1765598,2288
C_1787086,2289
C_1811836,2290
C_696832,2291
C_770768,2292
C_1894860,2293
C_1328548,2294
C_682746,2295
C_855431,2296
C_2229925,2297
C_681043,2298
C_1750788,2299
C_2229900,2300
C_2286837,2301
C_681331,2302
C_2199460,2303
C_681369,2304
C_707112,2305
C_893808,2306
C_1889777,2307
C_737499,2308
C_697425,2309
C_1687727,2310
C_2316344,2311
C_2316338,2312
C_2320819,2313
C_2266759,2314
C_1912005,2315
C_1992947,2316
C_696571,2317
C_1755920,2318
C_2141847,2319
C_682498,2320
C_1778570,2321
C_1811720,2322
C_682451,2323
C_1886683,2324
C_1829950,2325
C_1891064,2326
C_1811728,2327
C_1992927,2328
C_737492,2329
C_1741506,2330
C_681079,2331
C_1766164,2332
C_1771161,2333
C_1771158,2334
C_1828098,2335
C_1821490,2336
C_1905909,2337
C_1875524,2338
C_936949,2339
C_1918053,2340
C_1410096,2341
C_1714441,2342
C_2244915,2343
C_2059302,2344
C_1755958,2345
C_1320505,2346
C_1756674,2347
C_1781812,2348
C_1804511,2349
C_1774967,2350
C_1814140,2351
C_1811867,2352
C_1814260,2353
C_1824376,2354
C_1884005,2355
C_1884058,2356
C_1875537,2357
C_1906552,2358
C_1755917,2359
C_1912019,2360
C_1979097,2361
C_1979991,2362
C_1987579,2363
C_2135546,2364
C_2223998,2365
C_2266776,2366
C_2308303,2367
C_2141842,2368
C_2287011,2369
C_735242,2370
C_907923,2371
C_697081,2372
C_1824911,2373
C_681377,2374
C_735096,2375
C_681448,2376
C_735033,2377
C_1771160,2378
C_948142,2379
C_1784713,2380
C_681397,2381
C_1912188,2382
C_1886680,2383
C_2059323,2384
C_1761462,2385
C_2292312,2386
C_2266770,2387
C_1771156,2388
C_931256,2389
C_2059282,2390
C_907951,2391
C_1837162,2392
C_735261,2393
C_682372,2394
C_1886681,2395
C_1912016,2396
C_697214,2397
C_911131,2398
C_1907855,2399
C_1696155,2400
C_676643,2401
C_681011,2402
C_682574,2403
C_1214863,2404
C_682534,2405
C_876711,2406
C_1824931,2407
C_1864058,2408
C_735077,2409
C_813497,2410
C_682493,2411
C_1750780,2412
C_948259,2413
C_1628160,2414
C_1940647,2415
C_1738560,2416
C_681760,2417
C_696812,2418
C_1909505,2419
C_1886686,2420
C_681751,2421
C_837708,2422
C_1784708,2423
C_1825493,2424
C_2221597,2425
C_680882,2426
C_681712,2427
C_681580,2428
C_824095,2429
C_947260,2430
C_676887,2431
C_1741508,2432
C_1755952,2433
C_1780641,2434
C_1925922,2435
C_1903973,2436
C_681619,2437
C_1844116,2438
C_1912378,2439
C_823327,2440
C_681611,2441
C_1771159,2442
C_1789695,2443
C_2244921,2444
C_1886691,2445
C_681028,2446
C_1761385,2447
C_2266760,2448
C_2308087,2449
C_1864060,2450
C_696610,2451
C_2059287,2452
C_1438319,2453
C_898312,2454
C_1896509,2455
C_2141850,2456
C_1886664,2457
C_735243,2458
C_1778415,2459
C_1904003,2460
C_1875494,2461
C_948262,2462
C_1755941,2463
C_1811832,2464
C_680835,2465
C_819279,2466
C_735419,2467
C_948285,2468
C_1724289,2469
C_1771174,2470
C_936936,2471
C_682475,2472
C_1767578,2473
C_697065,2474
C_1891052,2475
C_681026,2476
C_707125,2477
C_735168,2478
C_948037,2479
C_1925887,2480
C_1765591,2481
C_922860,2482
C_1929045,2483
C_1924403,2484
C_696975,2485
C_1875518,2486
C_1864059,2487
C_697162,2488
C_1789687,2489
C_1784729,2490
C_1764860,2491
C_1891046,2492
C_1761379,2493
C_2298126,2494
C_681578,2495
C_696814,2496
C_1789680,2497
C_1755929,2498
C_873860,2499
C_1755950,2500
C_1824926,2501
C_680981,2502
C_1765585,2503
C_697226,2504
C_2199449,2505
C_681588,2506
C_1875490,2507
C_948292,2508
C_948240,2509
C_1902586,2510
C_697584,2511
C_2316343,2512
C_1750786,2513
C_1844126,2514
C_879104,2515
C_797919,2516
C_948244,2517
C_680984,2518
C_948264,2519
C_681037,2520
C_682756,2521
C_1764851,2522
C_681721,2523
C_837228,2524
C_948124,2525
C_681707,2526
C_949541,2527
C_2095513,2528
C_1771155,2529
C_697013,2530
C_1123944,2531
C_1903965,2532
C_948391,2533
C_2141848,2534
C_1811835,2535
C_1784709,2536
C_948039,2537
C_697626,2538
C_697506,2539
C_948218,2540
C_735112,2541
C_1864063,2542
C_1774989,2543
C_1864067,2544
C_2059285,2545
C_947168,2546
C_1907851,2547
C_1784711,2548
C_1778562,2549
C_2266754,2550
C_1903975,2551
C_682171,2552
C_948093,2553
C_696662,2554
C_948081,2555
C_948107,2556
C_1761383,2557
C_1789688,2558
C_1912018,2559
C_1761469,2560
C_907968,2561
C_735371,2562
C_1789682,2563
C_1811730,2564
C_696965,2565
C_2221573,2566
C_791424,2567
C_697241,2568
C_2221569,2569
C_2328542,2570
C_837985,2571
C_1844128,2572
C_2059292,2573
C_1854868,2574
C_682762,2575
C_707221,2576
C_854900,2577
C_681015,2578
C_1750781,2579
C_2059293,2580
C_1889446,2581
C_1906186,2582
C_1784725,2583
C_947239,2584
C_1854892,2585
C_1944724,2586
C_1891061,2587
C_697059,2588
C_1928986,2589
C_1992935,2590
C_1764862,2591
C_688385,2592
C_1767591,2593
C_1907838,2594
C_909451,2595
C_1992941,2596
C_1764853,2597
C_840089,2598
C_696929,2599
C_1907853,2600
C_2255392,2601
C_2316339,2602
C_1764844,2603
C_1761461,2604
C_681091,2605
C_2287004,2606
C_2266752,2607
C_1918351,2608
C_682464,2609
C_735267,2610
C_1774965,2611
C_2094866,2612
C_1925912,2613
C_1912009,2614
C_707063,2615
C_1944725,2616
C_1774980,2617
C_1774971,2618
C_1712434,2619
C_1992950,2620
C_1891047,2621
C_735450,2622
C_682488,2623
C_1844101,2624
C_1864065,2625
C_1756073,2626
C_2266755,2627
C_682273,2628
C_1907850,2629
C_1992919,2630
C_1771176,2631
C_1778561,2632
C_1912014,2633
C_1844118,2634
C_1761367,2635
C_1844112,2636
C_1784706,2637
C_2343522,2638
C_1992952,2639
C_1755938,2640
C_2221559,2641
C_1774960,2642
C_947235,2643
C_1944727,2644
C_901958,2645
C_1992960,2646
C_1891042,2647
C_1992925,2648
C_1693038,2649
C_1789697,2650
C_2141865,2651
C_2308093,2652
C_2141859,2653
C_735305,2654
C_1916174,2655
C_1940999,2656
C_2221589,2657
C_2229898,2658
C_1925910,2659
C_1771165,2660
C_1903986,2661
C_1761463,2662
C_1891038,2663
C_696846,2664
C_1907833,2665
C_909452,2666
C_948148,2667
C_707106,2668
C_1925905,2669
C_2328470,2670
C_2221582,2671
C_1864055,2672
C_2328550,2673
C_696958,2674
C_682233,2675
C_1774983,2676
C_1890207,2677
C_1907841,2678
C_2141864,2679
C_1711990,2680
C_1742805,2681
C_1824933,2682
C_1941018,2683
C_2141845,2684
C_1844104,2685
C_1944731,2686
C_2059281,2687
C_2066096,2688
C_2229924,2689
C_1944721,2690
C_1778370,2691
C_1886689,2692
C_2141852,2693
C_681311,2694
C_2141841,2695
C_2221591,2696
C_901947,2697
C_2281545,2698
C_2059304,2699
C_1828106,2700
C_1918355,2701
C_943234,2702
C_2199441,2703
C_2199445,2704
C_735345,2705
C_1755887,2706
C_2097699,2707
C_1891044,2708
C_1774964,2709
C_1916220,2710
C_2286754,2711
C_2040031,2712
C_2302130,2713
C_1765592,2714
C_1693369,2715
C_2310037,2716
C_1731881,2717
C_1765588,2718
C_682520,2719
C_1789689,2720
C_2027893,2721
C_735326,2722
C_1992917,2723
C_1844119,2724
C_1778566,2725
C_2286843,2726
C_1875509,2727
C_681169,2728
C_1992918,2729
C_1886692,2730
C_681581,2731
C_1811837,2732
C_1844121,2733
C_2229915,2734
C_681573,2735
C_1761369,2736
C_2328476,2737
C_948402,2738
C_2059321,2739
C_1875536,2740
C_1886678,2741
C_1765595,2742
C_2221554,2743
C_681301,2744
C_2059288,2745
C_2222185,2746
C_1907832,2747
C_1891049,2748
C_680807,2749
C_1903962,2750
C_1755944,2751
C_676657,2752
C_2059313,2753
C_1875503,2754
C_1904007,2755
C_2328482,2756
C_2328484,2757
C_2059947,2758
C_1774977,2759
C_1925908,2760
C_1778564,2761
C_893813,2762
C_1774962,2763
C_1944717,2764
C_1784704,2765
C_1124039,2766
C_1992921,2767
C_1925901,2768
C_2286850,2769
C_681291,2770
C_1864056,2771
C_1903963,2772
C_1808506,2773
C_681041,2774
C_2141844,2775
C_2199455,2776
C_782508,2777
C_735086,2778
C_681575,2779
C_681585,2780
C_681518,2781
C_681691,2782
C_1996570,2783
C_682227,2784
C_681122,2785
C_2221567,2786
C_1825362,2787
C_1764858,2788
C_1992961,2789
C_2141872,2790
C_2308085,2791
C_2141876,2792
C_2229908,2793
C_1854857,2794
C_1944723,2795
C_1811833,2796
C_735397,2797
C_1902539,2798
C_2266751,2799
C_1844124,2800
C_1764849,2801
C_1756076,2802
C_1918356,2803
C_2308112,2804
C_1918002,2805
C_2286849,2806
C_1741565,2807
C_1875535,2808
C_1711946,2809
C_2266773,2810
C_1837426,2811
C_696664,2812
C_1886693,2813
C_1774982,2814
C_837746,2815
C_2328485,2816
C_1682833,2817
C_2335764,2818
C_1771164,2819
C_2206055,2820
C_1712048,2821
C_1837158,2822
C_1764848,2823
C_1925117,2824
C_2224832,2825
C_2290902,2826
C_2339621,2827
